{
	"searches": [
        {
            "source": [
                242241.20553505284,
                7031740.248120374
            ],
            "target": [
                253716.78153408598,
                7031740.248120374
            ]
        },
        {
            "source": [
                253716.78153408598,
                7030591.380750257
            ],
            "target": [
                242241.20553505284,
                7030591.380750257
            ]
        },
        {
            "source": [
                267133.5700083785,
                6761880.177584507
            ],
            "target": [
                267680.4187730937,
                6761880.177584507
            ]
        }
    ],
	"networkPath": "D:\\Lager\\RouteNetworkUpdater\\vegnettRuteplan_FGDB_20210528_tolerance-0001.bin",
	"resultsPath": "results.json"
}